[
{
   "model": "admin.logentry",
   "pk": 317,
   "fields": {
      "action_time": "2022-06-21T07:45:04.068Z",
      "user": 3,
      "content_type": 15,
      "object_id": "92",
      "object_repr": "13720 Набор для вышивки крестом «Срезанные розы» DIMENSIONS",
      "action_flag": 3,
      "change_message": ""
   }
},
{
   "model": "admin.logentry",
   "pk": 318,
   "fields": {
      "action_time": "2022-06-21T07:45:04.077Z",
      "user": 3,
      "content_type": 15,
      "object_id": "91",
      "object_repr": "31742 У пруда. Dream Art. Набор алмазной мозаики",
      "action_flag": 3,
      "change_message": ""
   }
},
{
   "model": "admin.logentry",
   "pk": 319,
   "fields": {
      "action_time": "2022-06-21T07:45:04.085Z",
      "user": 3,
      "content_type": 15,
      "object_id": "90",
      "object_repr": "31742 У пруда. Dream Art. Набор алмазной мозаики",
      "action_flag": 3,
      "change_message": ""
   }
},
{
   "model": "admin.logentry",
   "pk": 320,
   "fields": {
      "action_time": "2022-06-21T07:45:04.092Z",
      "user": 3,
      "content_type": 15,
      "object_id": "89",
      "object_repr": "13720 Набор для вышивки крестом «Срезанные розы» DIMENSIONS",
      "action_flag": 3,
      "change_message": ""
   }
},
{
   "model": "admin.logentry",
   "pk": 321,
   "fields": {
      "action_time": "2022-06-21T07:45:17.255Z",
      "user": 3,
      "content_type": 16,
      "object_id": "6",
      "object_repr": "Заказ Кононенко Елена +380501426313",
      "action_flag": 3,
      "change_message": ""
   }
},
{
   "model": "admin.logentry",
   "pk": 322,
   "fields": {
      "action_time": "2022-06-21T07:45:17.263Z",
      "user": 3,
      "content_type": 16,
      "object_id": "5",
      "object_repr": "Заказ Кононенко Алексей +380501426312",
      "action_flag": 3,
      "change_message": ""
   }
},
{
   "model": "admin.logentry",
   "pk": 325,
   "fields": {
      "action_time": "2022-06-21T09:38:14.170Z",
      "user": 3,
      "content_type": 15,
      "object_id": "96",
      "object_repr": "Набор для вышивания крестом B2229 Красные розы с виноградом, Лука-С",
      "action_flag": 3,
      "change_message": ""
   }
},
{
   "model": "admin.logentry",
   "pk": 326,
   "fields": {
      "action_time": "2022-06-21T09:38:14.180Z",
      "user": 3,
      "content_type": 15,
      "object_id": "95",
      "object_repr": "13720 Набор для вышивки крестом «Срезанные розы» DIMENSIONS",
      "action_flag": 3,
      "change_message": ""
   }
},
{
   "model": "admin.logentry",
   "pk": 327,
   "fields": {
      "action_time": "2022-06-21T12:51:01.383Z",
      "user": 3,
      "content_type": 15,
      "object_id": "99",
      "object_repr": "Набор для вышивания крестом B2229 Красные розы с виноградом, Лука-С",
      "action_flag": 3,
      "change_message": ""
   }
},
{
   "model": "admin.logentry",
   "pk": 328,
   "fields": {
      "action_time": "2022-06-21T12:51:01.392Z",
      "user": 3,
      "content_type": 15,
      "object_id": "98",
      "object_repr": "Набор для вышивки бисером Butterfly Натюрморт с гранатами (161)",
      "action_flag": 3,
      "change_message": ""
   }
},
{
   "model": "admin.logentry",
   "pk": 329,
   "fields": {
      "action_time": "2022-06-21T12:51:01.400Z",
      "user": 3,
      "content_type": 15,
      "object_id": "97",
      "object_repr": "13720 Набор для вышивки крестом «Срезанные розы» DIMENSIONS",
      "action_flag": 3,
      "change_message": ""
   }
},
{
   "model": "admin.logentry",
   "pk": 330,
   "fields": {
      "action_time": "2022-06-21T14:04:49.780Z",
      "user": 3,
      "content_type": 15,
      "object_id": "103",
      "object_repr": "Набор для вышивки бисером Butterfly Натюрморт с гранатами (161)",
      "action_flag": 3,
      "change_message": ""
   }
},
{
   "model": "admin.logentry",
   "pk": 331,
   "fields": {
      "action_time": "2022-06-21T14:04:49.789Z",
      "user": 3,
      "content_type": 15,
      "object_id": "102",
      "object_repr": "31742 У пруда. Dream Art. Набор алмазной мозаики",
      "action_flag": 3,
      "change_message": ""
   }
},
{
   "model": "admin.logentry",
   "pk": 332,
   "fields": {
      "action_time": "2022-06-21T14:04:49.795Z",
      "user": 3,
      "content_type": 15,
      "object_id": "101",
      "object_repr": "Набор для вышивания крестом B2229 Красные розы с виноградом, Лука-С",
      "action_flag": 3,
      "change_message": ""
   }
},
{
   "model": "admin.logentry",
   "pk": 333,
   "fields": {
      "action_time": "2022-06-21T14:04:49.800Z",
      "user": 3,
      "content_type": 15,
      "object_id": "100",
      "object_repr": "13720 Набор для вышивки крестом «Срезанные розы» DIMENSIONS",
      "action_flag": 3,
      "change_message": ""
   }
},
{
   "model": "admin.logentry",
   "pk": 334,
   "fields": {
      "action_time": "2022-06-21T14:06:10.044Z",
      "user": 3,
      "content_type": 15,
      "object_id": "104",
      "object_repr": "13720 Набор для вышивки крестом «Срезанные розы» DIMENSIONS",
      "action_flag": 3,
      "change_message": ""
   }
},
{
   "model": "admin.logentry",
   "pk": 335,
   "fields": {
      "action_time": "2022-06-21T14:12:35.843Z",
      "user": 3,
      "content_type": 15,
      "object_id": "105",
      "object_repr": "13720 Набор для вышивки крестом «Срезанные розы» DIMENSIONS",
      "action_flag": 3,
      "change_message": ""
   }
},
{
   "model": "admin.logentry",
   "pk": 336,
   "fields": {
      "action_time": "2022-06-22T05:52:10.869Z",
      "user": 3,
      "content_type": 15,
      "object_id": "107",
      "object_repr": "13720 Набор для вышивки крестом «Срезанные розы» DIMENSIONS",
      "action_flag": 3,
      "change_message": ""
   }
},
{
   "model": "admin.logentry",
   "pk": 337,
   "fields": {
      "action_time": "2022-06-22T05:52:10.877Z",
      "user": 3,
      "content_type": 15,
      "object_id": "106",
      "object_repr": "Набор для вышивания крестом B2229 Красные розы с виноградом, Лука-С",
      "action_flag": 3,
      "change_message": ""
   }
},
{
   "model": "admin.logentry",
   "pk": 338,
   "fields": {
      "action_time": "2022-06-22T06:09:07.940Z",
      "user": 3,
      "content_type": 15,
      "object_id": "4",
      "object_repr": "Набор для вышивки бисером Butterfly Натюрморт с гранатами (161)",
      "action_flag": 3,
      "change_message": ""
   }
},
{
   "model": "admin.logentry",
   "pk": 339,
   "fields": {
      "action_time": "2022-06-22T06:09:07.946Z",
      "user": 3,
      "content_type": 15,
      "object_id": "3",
      "object_repr": "31742 У пруда. Dream Art. Набор алмазной мозаики",
      "action_flag": 3,
      "change_message": ""
   }
},
{
   "model": "admin.logentry",
   "pk": 340,
   "fields": {
      "action_time": "2022-06-22T06:09:07.952Z",
      "user": 3,
      "content_type": 15,
      "object_id": "2",
      "object_repr": "Набор для вышивания крестом B2229 Красные розы с виноградом, Лука-С",
      "action_flag": 3,
      "change_message": ""
   }
},
{
   "model": "admin.logentry",
   "pk": 341,
   "fields": {
      "action_time": "2022-06-22T06:09:07.957Z",
      "user": 3,
      "content_type": 15,
      "object_id": "1",
      "object_repr": "13720 Набор для вышивки крестом «Срезанные розы» DIMENSIONS",
      "action_flag": 3,
      "change_message": ""
   }
},
{
   "model": "admin.logentry",
   "pk": 342,
   "fields": {
      "action_time": "2022-06-22T13:53:08.940Z",
      "user": 3,
      "content_type": 15,
      "object_id": "8",
      "object_repr": "31742 У пруда. Dream Art. Набор алмазной мозаики",
      "action_flag": 3,
      "change_message": ""
   }
},
{
   "model": "admin.logentry",
   "pk": 343,
   "fields": {
      "action_time": "2022-06-22T13:53:08.949Z",
      "user": 3,
      "content_type": 15,
      "object_id": "7",
      "object_repr": "13720 Набор для вышивки крестом «Срезанные розы» DIMENSIONS",
      "action_flag": 3,
      "change_message": ""
   }
},
{
   "model": "admin.logentry",
   "pk": 344,
   "fields": {
      "action_time": "2022-06-22T13:53:08.955Z",
      "user": 3,
      "content_type": 15,
      "object_id": "6",
      "object_repr": "Набор для вышивки бисером Butterfly Натюрморт с гранатами (161)",
      "action_flag": 3,
      "change_message": ""
   }
},
{
   "model": "admin.logentry",
   "pk": 345,
   "fields": {
      "action_time": "2022-06-22T13:53:08.962Z",
      "user": 3,
      "content_type": 15,
      "object_id": "5",
      "object_repr": "Набор для вышивания крестом B2229 Красные розы с виноградом, Лука-С",
      "action_flag": 3,
      "change_message": ""
   }
},
{
   "model": "admin.logentry",
   "pk": 346,
   "fields": {
      "action_time": "2022-06-22T16:50:43.260Z",
      "user": 3,
      "content_type": 15,
      "object_id": "9",
      "object_repr": "13720 Набор для вышивки крестом «Срезанные розы» DIMENSIONS",
      "action_flag": 2,
      "change_message": "[{\"changed\": {\"fields\": [\"Is active\"]}}]"
   }
},
{
   "model": "admin.logentry",
   "pk": 347,
   "fields": {
      "action_time": "2022-06-23T08:41:50.175Z",
      "user": 3,
      "content_type": 15,
      "object_id": "12",
      "object_repr": "31742 У пруда. Dream Art. Набор алмазной мозаики",
      "action_flag": 3,
      "change_message": ""
   }
},
{
   "model": "admin.logentry",
   "pk": 348,
   "fields": {
      "action_time": "2022-06-23T08:41:50.184Z",
      "user": 3,
      "content_type": 15,
      "object_id": "11",
      "object_repr": "Набор для вышивки бисером Butterfly Натюрморт с гранатами (161)",
      "action_flag": 3,
      "change_message": ""
   }
},
{
   "model": "admin.logentry",
   "pk": 349,
   "fields": {
      "action_time": "2022-06-23T08:41:50.191Z",
      "user": 3,
      "content_type": 15,
      "object_id": "10",
      "object_repr": "Набор для вышивания крестом B2229 Красные розы с виноградом, Лука-С",
      "action_flag": 3,
      "change_message": ""
   }
},
{
   "model": "admin.logentry",
   "pk": 350,
   "fields": {
      "action_time": "2022-06-23T08:41:50.197Z",
      "user": 3,
      "content_type": 15,
      "object_id": "9",
      "object_repr": "13720 Набор для вышивки крестом «Срезанные розы» DIMENSIONS",
      "action_flag": 3,
      "change_message": ""
   }
},
{
   "model": "admin.logentry",
   "pk": 351,
   "fields": {
      "action_time": "2022-06-23T08:42:02.265Z",
      "user": 3,
      "content_type": 16,
      "object_id": "7",
      "object_repr": "Заказ Кононенко Алексей +380501426312",
      "action_flag": 3,
      "change_message": ""
   }
},
{
   "model": "admin.logentry",
   "pk": 352,
   "fields": {
      "action_time": "2022-06-23T09:38:54.440Z",
      "user": 3,
      "content_type": 15,
      "object_id": "15",
      "object_repr": "Набор для вышивки бисером Butterfly Натюрморт с гранатами (161)",
      "action_flag": 3,
      "change_message": ""
   }
},
{
   "model": "admin.logentry",
   "pk": 353,
   "fields": {
      "action_time": "2022-06-23T09:38:54.451Z",
      "user": 3,
      "content_type": 15,
      "object_id": "14",
      "object_repr": "Набор для вышивания крестом B2229 Красные розы с виноградом, Лука-С",
      "action_flag": 3,
      "change_message": ""
   }
},
{
   "model": "admin.logentry",
   "pk": 354,
   "fields": {
      "action_time": "2022-06-23T09:38:54.458Z",
      "user": 3,
      "content_type": 15,
      "object_id": "13",
      "object_repr": "13720 Набор для вышивки крестом «Срезанные розы» DIMENSIONS",
      "action_flag": 3,
      "change_message": ""
   }
},
{
   "model": "admin.logentry",
   "pk": 355,
   "fields": {
      "action_time": "2022-06-23T11:50:52.586Z",
      "user": 3,
      "content_type": 15,
      "object_id": "17",
      "object_repr": "Набор для вышивания крестом B2229 Красные розы с виноградом, Лука-С",
      "action_flag": 2,
      "change_message": "[{\"changed\": {\"fields\": [\"Is active\"]}}]"
   }
},
{
   "model": "admin.logentry",
   "pk": 364,
   "fields": {
      "action_time": "2022-06-26T16:40:31.646Z",
      "user": 3,
      "content_type": 9,
      "object_id": "5",
      "object_repr": "Бисер 13 11/400гр",
      "action_flag": 2,
      "change_message": "[{\"changed\": {\"fields\": [\"\\u041d\\u043e\\u0432\\u044b\\u0439\"]}}]"
   }
},
{
   "model": "auth.permission",
   "pk": 1,
   "fields": {
      "name": "Can add log entry",
      "content_type": 1,
      "codename": "add_logentry"
   }
},
{
   "model": "auth.permission",
   "pk": 2,
   "fields": {
      "name": "Can change log entry",
      "content_type": 1,
      "codename": "change_logentry"
   }
},
{
   "model": "auth.permission",
   "pk": 3,
   "fields": {
      "name": "Can delete log entry",
      "content_type": 1,
      "codename": "delete_logentry"
   }
},
{
   "model": "auth.permission",
   "pk": 4,
   "fields": {
      "name": "Can view log entry",
      "content_type": 1,
      "codename": "view_logentry"
   }
},
{
   "model": "auth.permission",
   "pk": 5,
   "fields": {
      "name": "Can add permission",
      "content_type": 2,
      "codename": "add_permission"
   }
},
{
   "model": "auth.permission",
   "pk": 6,
   "fields": {
      "name": "Can change permission",
      "content_type": 2,
      "codename": "change_permission"
   }
},
{
   "model": "auth.permission",
   "pk": 7,
   "fields": {
      "name": "Can delete permission",
      "content_type": 2,
      "codename": "delete_permission"
   }
},
{
   "model": "auth.permission",
   "pk": 8,
   "fields": {
      "name": "Can view permission",
      "content_type": 2,
      "codename": "view_permission"
   }
},
{
   "model": "auth.permission",
   "pk": 9,
   "fields": {
      "name": "Can add group",
      "content_type": 3,
      "codename": "add_group"
   }
},
{
   "model": "auth.permission",
   "pk": 10,
   "fields": {
      "name": "Can change group",
      "content_type": 3,
      "codename": "change_group"
   }
},
{
   "model": "auth.permission",
   "pk": 11,
   "fields": {
      "name": "Can delete group",
      "content_type": 3,
      "codename": "delete_group"
   }
},
{
   "model": "auth.permission",
   "pk": 12,
   "fields": {
      "name": "Can view group",
      "content_type": 3,
      "codename": "view_group"
   }
},
{
   "model": "auth.permission",
   "pk": 13,
   "fields": {
      "name": "Can add user",
      "content_type": 4,
      "codename": "add_user"
   }
},
{
   "model": "auth.permission",
   "pk": 14,
   "fields": {
      "name": "Can change user",
      "content_type": 4,
      "codename": "change_user"
   }
},
{
   "model": "auth.permission",
   "pk": 15,
   "fields": {
      "name": "Can delete user",
      "content_type": 4,
      "codename": "delete_user"
   }
},
{
   "model": "auth.permission",
   "pk": 16,
   "fields": {
      "name": "Can view user",
      "content_type": 4,
      "codename": "view_user"
   }
},
{
   "model": "auth.permission",
   "pk": 17,
   "fields": {
      "name": "Can add content type",
      "content_type": 5,
      "codename": "add_contenttype"
   }
},
{
   "model": "auth.permission",
   "pk": 18,
   "fields": {
      "name": "Can change content type",
      "content_type": 5,
      "codename": "change_contenttype"
   }
},
{
   "model": "auth.permission",
   "pk": 19,
   "fields": {
      "name": "Can delete content type",
      "content_type": 5,
      "codename": "delete_contenttype"
   }
},
{
   "model": "auth.permission",
   "pk": 20,
   "fields": {
      "name": "Can view content type",
      "content_type": 5,
      "codename": "view_contenttype"
   }
},
{
   "model": "auth.permission",
   "pk": 21,
   "fields": {
      "name": "Can add session",
      "content_type": 6,
      "codename": "add_session"
   }
},
{
   "model": "auth.permission",
   "pk": 22,
   "fields": {
      "name": "Can change session",
      "content_type": 6,
      "codename": "change_session"
   }
},
{
   "model": "auth.permission",
   "pk": 23,
   "fields": {
      "name": "Can delete session",
      "content_type": 6,
      "codename": "delete_session"
   }
},
{
   "model": "auth.permission",
   "pk": 24,
   "fields": {
      "name": "Can view session",
      "content_type": 6,
      "codename": "view_session"
   }
},
{
   "model": "auth.permission",
   "pk": 25,
   "fields": {
      "name": "Can add Заказчик",
      "content_type": 7,
      "codename": "add_customer"
   }
},
{
   "model": "auth.permission",
   "pk": 26,
   "fields": {
      "name": "Can change Заказчик",
      "content_type": 7,
      "codename": "change_customer"
   }
},
{
   "model": "auth.permission",
   "pk": 27,
   "fields": {
      "name": "Can delete Заказчик",
      "content_type": 7,
      "codename": "delete_customer"
   }
},
{
   "model": "auth.permission",
   "pk": 28,
   "fields": {
      "name": "Can view Заказчик",
      "content_type": 7,
      "codename": "view_customer"
   }
},
{
   "model": "auth.permission",
   "pk": 29,
   "fields": {
      "name": "Can add Фотография",
      "content_type": 8,
      "codename": "add_productimage"
   }
},
{
   "model": "auth.permission",
   "pk": 30,
   "fields": {
      "name": "Can change Фотография",
      "content_type": 8,
      "codename": "change_productimage"
   }
},
{
   "model": "auth.permission",
   "pk": 31,
   "fields": {
      "name": "Can delete Фотография",
      "content_type": 8,
      "codename": "delete_productimage"
   }
},
{
   "model": "auth.permission",
   "pk": 32,
   "fields": {
      "name": "Can view Фотография",
      "content_type": 8,
      "codename": "view_productimage"
   }
},
{
   "model": "auth.permission",
   "pk": 33,
   "fields": {
      "name": "Can add Продукт",
      "content_type": 9,
      "codename": "add_product"
   }
},
{
   "model": "auth.permission",
   "pk": 34,
   "fields": {
      "name": "Can change Продукт",
      "content_type": 9,
      "codename": "change_product"
   }
},
{
   "model": "auth.permission",
   "pk": 35,
   "fields": {
      "name": "Can delete Продукт",
      "content_type": 9,
      "codename": "delete_product"
   }
},
{
   "model": "auth.permission",
   "pk": 36,
   "fields": {
      "name": "Can view Продукт",
      "content_type": 9,
      "codename": "view_product"
   }
},
{
   "model": "auth.permission",
   "pk": 37,
   "fields": {
      "name": "Can add Цвет",
      "content_type": 10,
      "codename": "add_color"
   }
},
{
   "model": "auth.permission",
   "pk": 38,
   "fields": {
      "name": "Can change Цвет",
      "content_type": 10,
      "codename": "change_color"
   }
},
{
   "model": "auth.permission",
   "pk": 39,
   "fields": {
      "name": "Can delete Цвет",
      "content_type": 10,
      "codename": "delete_color"
   }
},
{
   "model": "auth.permission",
   "pk": 40,
   "fields": {
      "name": "Can view Цвет",
      "content_type": 10,
      "codename": "view_color"
   }
},
{
   "model": "auth.permission",
   "pk": 41,
   "fields": {
      "name": "Can add Категория",
      "content_type": 11,
      "codename": "add_category"
   }
},
{
   "model": "auth.permission",
   "pk": 42,
   "fields": {
      "name": "Can change Категория",
      "content_type": 11,
      "codename": "change_category"
   }
},
{
   "model": "auth.permission",
   "pk": 43,
   "fields": {
      "name": "Can delete Категория",
      "content_type": 11,
      "codename": "delete_category"
   }
},
{
   "model": "auth.permission",
   "pk": 44,
   "fields": {
      "name": "Can view Категория",
      "content_type": 11,
      "codename": "view_category"
   }
},
{
   "model": "auth.permission",
   "pk": 45,
   "fields": {
      "name": "Can add Страна",
      "content_type": 12,
      "codename": "add_country"
   }
},
{
   "model": "auth.permission",
   "pk": 46,
   "fields": {
      "name": "Can change Страна",
      "content_type": 12,
      "codename": "change_country"
   }
},
{
   "model": "auth.permission",
   "pk": 47,
   "fields": {
      "name": "Can delete Страна",
      "content_type": 12,
      "codename": "delete_country"
   }
},
{
   "model": "auth.permission",
   "pk": 48,
   "fields": {
      "name": "Can view Страна",
      "content_type": 12,
      "codename": "view_country"
   }
},
{
   "model": "auth.permission",
   "pk": 49,
   "fields": {
      "name": "Can add Вид ткани",
      "content_type": 13,
      "codename": "add_textile"
   }
},
{
   "model": "auth.permission",
   "pk": 50,
   "fields": {
      "name": "Can change Вид ткани",
      "content_type": 13,
      "codename": "change_textile"
   }
},
{
   "model": "auth.permission",
   "pk": 51,
   "fields": {
      "name": "Can delete Вид ткани",
      "content_type": 13,
      "codename": "delete_textile"
   }
},
{
   "model": "auth.permission",
   "pk": 52,
   "fields": {
      "name": "Can view Вид ткани",
      "content_type": 13,
      "codename": "view_textile"
   }
},
{
   "model": "auth.permission",
   "pk": 53,
   "fields": {
      "name": "Can add Тип",
      "content_type": 14,
      "codename": "add_type"
   }
},
{
   "model": "auth.permission",
   "pk": 54,
   "fields": {
      "name": "Can change Тип",
      "content_type": 14,
      "codename": "change_type"
   }
},
{
   "model": "auth.permission",
   "pk": 55,
   "fields": {
      "name": "Can delete Тип",
      "content_type": 14,
      "codename": "delete_type"
   }
},
{
   "model": "auth.permission",
   "pk": 56,
   "fields": {
      "name": "Can view Тип",
      "content_type": 14,
      "codename": "view_type"
   }
},
{
   "model": "auth.permission",
   "pk": 57,
   "fields": {
      "name": "Can add Продукт в заказе",
      "content_type": 15,
      "codename": "add_productinorder"
   }
},
{
   "model": "auth.permission",
   "pk": 58,
   "fields": {
      "name": "Can change Продукт в заказе",
      "content_type": 15,
      "codename": "change_productinorder"
   }
},
{
   "model": "auth.permission",
   "pk": 59,
   "fields": {
      "name": "Can delete Продукт в заказе",
      "content_type": 15,
      "codename": "delete_productinorder"
   }
},
{
   "model": "auth.permission",
   "pk": 60,
   "fields": {
      "name": "Can view Продукт в заказе",
      "content_type": 15,
      "codename": "view_productinorder"
   }
},
{
   "model": "auth.permission",
   "pk": 61,
   "fields": {
      "name": "Can add Заказ",
      "content_type": 16,
      "codename": "add_order"
   }
},
{
   "model": "auth.permission",
   "pk": 62,
   "fields": {
      "name": "Can change Заказ",
      "content_type": 16,
      "codename": "change_order"
   }
},
{
   "model": "auth.permission",
   "pk": 63,
   "fields": {
      "name": "Can delete Заказ",
      "content_type": 16,
      "codename": "delete_order"
   }
},
{
   "model": "auth.permission",
   "pk": 64,
   "fields": {
      "name": "Can view Заказ",
      "content_type": 16,
      "codename": "view_order"
   }
},
{
   "model": "auth.permission",
   "pk": 65,
   "fields": {
      "name": "Can add Статус заказа",
      "content_type": 17,
      "codename": "add_status"
   }
},
{
   "model": "auth.permission",
   "pk": 66,
   "fields": {
      "name": "Can change Статус заказа",
      "content_type": 17,
      "codename": "change_status"
   }
},
{
   "model": "auth.permission",
   "pk": 67,
   "fields": {
      "name": "Can delete Статус заказа",
      "content_type": 17,
      "codename": "delete_status"
   }
},
{
   "model": "auth.permission",
   "pk": 68,
   "fields": {
      "name": "Can view Статус заказа",
      "content_type": 17,
      "codename": "view_status"
   }
},
{
   "model": "auth.permission",
   "pk": 69,
   "fields": {
      "name": "Can add Слайдер",
      "content_type": 18,
      "codename": "add_slider"
   }
},
{
   "model": "auth.permission",
   "pk": 70,
   "fields": {
      "name": "Can change Слайдер",
      "content_type": 18,
      "codename": "change_slider"
   }
},
{
   "model": "auth.permission",
   "pk": 71,
   "fields": {
      "name": "Can delete Слайдер",
      "content_type": 18,
      "codename": "delete_slider"
   }
},
{
   "model": "auth.permission",
   "pk": 72,
   "fields": {
      "name": "Can view Слайдер",
      "content_type": 18,
      "codename": "view_slider"
   }
},
{
   "model": "auth.user",
   "pk": 2,
   "fields": {
      "password": "pbkdf2_sha256$320000$mivSHAey8p1g74mrOT3Aq9$/f2p3G+/IL0zIdwXtdqmB4mJZzJxPY2/gL0n84Cy0yM=",
      "last_login": "2022-06-23T16:44:34.675Z",
      "is_superuser": false,
      "username": "+380501426313",
      "first_name": "Елена",
      "last_name": "Кононенко",
      "email": "e.kononenko104@gmail.com",
      "is_staff": false,
      "is_active": true,
      "date_joined": "2022-05-18T11:41:30Z",
      "groups": [],
      "user_permissions": []
   }
},
{
   "model": "auth.user",
   "pk": 3,
   "fields": {
      "password": "pbkdf2_sha256$320000$UJWnBF8rdG9vGdz6uN415l$i6R1fOnvR3qNjDUfXezQBc9GMx9200bIFeAs9xWFNlc=",
      "last_login": "2022-06-26T18:55:52.266Z",
      "is_superuser": false,
      "username": "+380501426312",
      "first_name": "Алексей",
      "last_name": "Кононенко",
      "email": "kononenko104@gmail.com",
      "is_staff": true,
      "is_active": true,
      "date_joined": "2022-05-18T11:42:37Z",
      "groups": [],
      "user_permissions": [
         69,
         70,
         71,
         72,
         61,
         62,
         63,
         64,
         57,
         58,
         59,
         60,
         65,
         66,
         67,
         68,
         41,
         42,
         43,
         44,
         37,
         38,
         39,
         40,
         45,
         46,
         47,
         48,
         33,
         34,
         35,
         36,
         29,
         30,
         31,
         32,
         49,
         50,
         51,
         52,
         53,
         54,
         55,
         56,
         25,
         26,
         27,
         28
      ]
   }
},
{
   "model": "auth.user",
   "pk": 4,
   "fields": {
      "password": "pbkdf2_sha256$320000$wNnR5nW5oIYtwSdepu6UWD$sftQ5iRe0jDmVz1NQ/aQ7FxWR5e7y21WiOeZKnmcRWA=",
      "last_login": null,
      "is_superuser": false,
      "username": "+380506230924",
      "first_name": "Катя",
      "last_name": "Кононенко",
      "email": "kind.a30001@gmail.com",
      "is_staff": false,
      "is_active": true,
      "date_joined": "2022-05-18T12:26:39Z",
      "groups": [],
      "user_permissions": []
   }
},
{
   "model": "auth.user",
   "pk": 17,
   "fields": {
      "password": "pbkdf2_sha256$320000$e0fnYhjcPgJWMeBjRIjVhK$9G59rO9FGvAPzvF+sN1VQx+mpOVc3CUAvnTreI9Gntw=",
      "last_login": "2022-06-23T16:04:07.352Z",
      "is_superuser": true,
      "username": "alex",
      "first_name": "",
      "last_name": "",
      "email": "kononenko104@gmail.com",
      "is_staff": true,
      "is_active": true,
      "date_joined": "2022-06-23T16:03:30.302Z",
      "groups": [],
      "user_permissions": []
   }
},
{
   "model": "contenttypes.contenttype",
   "pk": 1,
   "fields": {
      "app_label": "admin",
      "model": "logentry"
   }
},
{
   "model": "contenttypes.contenttype",
   "pk": 2,
   "fields": {
      "app_label": "auth",
      "model": "permission"
   }
},
{
   "model": "contenttypes.contenttype",
   "pk": 3,
   "fields": {
      "app_label": "auth",
      "model": "group"
   }
},
{
   "model": "contenttypes.contenttype",
   "pk": 4,
   "fields": {
      "app_label": "auth",
      "model": "user"
   }
},
{
   "model": "contenttypes.contenttype",
   "pk": 5,
   "fields": {
      "app_label": "contenttypes",
      "model": "contenttype"
   }
},
{
   "model": "contenttypes.contenttype",
   "pk": 6,
   "fields": {
      "app_label": "sessions",
      "model": "session"
   }
},
{
   "model": "contenttypes.contenttype",
   "pk": 7,
   "fields": {
      "app_label": "registration",
      "model": "customer"
   }
},
{
   "model": "contenttypes.contenttype",
   "pk": 8,
   "fields": {
      "app_label": "products",
      "model": "productimage"
   }
},
{
   "model": "contenttypes.contenttype",
   "pk": 9,
   "fields": {
      "app_label": "products",
      "model": "product"
   }
},
{
   "model": "contenttypes.contenttype",
   "pk": 10,
   "fields": {
      "app_label": "products",
      "model": "color"
   }
},
{
   "model": "contenttypes.contenttype",
   "pk": 11,
   "fields": {
      "app_label": "products",
      "model": "category"
   }
},
{
   "model": "contenttypes.contenttype",
   "pk": 12,
   "fields": {
      "app_label": "products",
      "model": "country"
   }
},
{
   "model": "contenttypes.contenttype",
   "pk": 13,
   "fields": {
      "app_label": "products",
      "model": "textile"
   }
},
{
   "model": "contenttypes.contenttype",
   "pk": 14,
   "fields": {
      "app_label": "products",
      "model": "type"
   }
},
{
   "model": "contenttypes.contenttype",
   "pk": 15,
   "fields": {
      "app_label": "orders",
      "model": "productinorder"
   }
},
{
   "model": "contenttypes.contenttype",
   "pk": 16,
   "fields": {
      "app_label": "orders",
      "model": "order"
   }
},
{
   "model": "contenttypes.contenttype",
   "pk": 17,
   "fields": {
      "app_label": "orders",
      "model": "status"
   }
},
{
   "model": "contenttypes.contenttype",
   "pk": 18,
   "fields": {
      "app_label": "main",
      "model": "slider"
   }
},
{
   "model": "sessions.session",
   "pk": "0h62r7eahacciqoav7p5xz60h2a82boj",
   "fields": {
      "session_data": ".eJxVjDEOwjAMRe-SGUW4cRPMyM4ZKttJaAElUtNOiLtDpQ6w_vfef5mB12Uc1pbmYYrmbMAcfjdhfaSygXjncqtWa1nmSeym2J02e60xPS-7-3cwchu_9akXdF6C6zOiuJw6ghCRFbDLlDsgSeCYvQ_qj-C0lxAJPJGqEKB5fwDTLTd5:1o2qq6:s6SdCntfvz-uetb4MuJtlrza30tCxsCWBndbN_4xsjo",
      "expire_date": "2022-07-03T09:03:26.375Z"
   }
},
{
   "model": "sessions.session",
   "pk": "0vhhlrlmu6tzlkak6z719j6veg6g7ijl",
   "fields": {
      "session_data": "e30:1nzfXl:MuXUa_f3-OyavzrjLWKnI5cka0aU9ixYay6NnCeiXQw",
      "expire_date": "2022-06-24T14:23:21.198Z"
   }
},
{
   "model": "sessions.session",
   "pk": "16klpssauoilchgxn5j0oyjjk4s27a4e",
   "fields": {
      "session_data": ".eJxVjEEOwiAQRe_C2hDoAGNduvcMZIBBqgaS0q6MdzckXej2v_f-W3jat-L3zqtfkrgIEKffLVB8ch0gPajem4ytbusS5FDkQbu8tcSv6-H-HRTqZdTqjIjZYVSJrZ6zYQxGKUwOMs8BJiIyrE0GBKdTRBucmqKGDMqCE58v4AI3bw:1o3aTJ:I2VPYSS6hVCAMiq9zfdmP91WWRpb3NRELwHKKvtuRCo",
      "expire_date": "2022-07-05T09:46:57.807Z"
   }
},
{
   "model": "sessions.session",
   "pk": "1o8ngkmxwqudwi3e977nglma6sowgngh",
   "fields": {
      "session_data": ".eJxVjDEOwjAMRe-SGUW4cRPMyM4ZKttJaAElUtNOiLtDpQ6w_vfef5mB12Uc1pbmYYrmbMAcfjdhfaSygXjncqtWa1nmSeym2J02e60xPS-7-3cwchu_9akXdF6C6zOiuJw6ghCRFbDLlDsgSeCYvQ_qj-C0lxAJPJGqEKB5fwDTLTd5:1nnhlQ:gWWYjxIuEvaoEGDKf2bkMyNobp_XzBcX61xBZvIY_lE",
      "expire_date": "2022-05-22T14:20:00.711Z"
   }
},
{
   "model": "sessions.session",
   "pk": "2y4azi6sx5ndv0daiuw1snz95bhnpj2c",
   "fields": {
      "session_data": ".eJxVjEEOwiAQRe_C2hDoAGNduvcMZIBBqgaS0q6MdzckXej2v_f-W3jat-L3zqtfkrgIEKffLVB8ch0gPajem4ytbusS5FDkQbu8tcSv6-H-HRTqZdTqjIjZYVSJrZ6zYQxGKUwOMs8BJiIyrE0GBKdTRBucmqKGDMqCE58v4AI3bw:1o4cG1:yU8JtRy5rg3ASiGI4TMQ45L-q5ddQXD_IiPkqzhAuWs",
      "expire_date": "2022-07-08T05:53:29.834Z"
   }
},
{
   "model": "sessions.session",
   "pk": "4b5sazsensc0fnkmx8xu6q8gckh5xlws",
   "fields": {
      "session_data": "e30:1nzfsk:kHRRsXLH960mVmarFzpKu_Ajt5M3SyaB4S02Cr0mfUA",
      "expire_date": "2022-06-24T14:45:02.812Z"
   }
},
{
   "model": "sessions.session",
   "pk": "55hgmdlq2x4xyew2ziojsrbto9n432mi",
   "fields": {
      "session_data": ".eJxVjEEOwiAQRe_C2hDoAGNduvcMZIBBqgaS0q6MdzckXej2v_f-W3jat-L3zqtfkrgIEKffLVB8ch0gPajem4ytbusS5FDkQbu8tcSv6-H-HRTqZdTqjIjZYVSJrZ6zYQxGKUwOMs8BJiIyrE0GBKdTRBucmqKGDMqCE58v4AI3bw:1o3Wz4:8NGWivRE57VpogHTuBSn2Hd2PMSMdL5v7wDDwa9r_P8",
      "expire_date": "2022-07-05T06:03:30.851Z"
   }
},
{
   "model": "sessions.session",
   "pk": "6bse13k1mu0qxcxph4d0klyhqdiaurl4",
   "fields": {
      "session_data": ".eJxVjEEOwiAQRe_C2hDoAGNduvcMZIBBqgaS0q6MdzckXej2v_f-W3jat-L3zqtfkrgIEKffLVB8ch0gPajem4ytbusS5FDkQbu8tcSv6-H-HRTqZdTqjIjZYVSJrZ6zYQxGKUwOMs8BJiIyrE0GBKdTRBucmqKGDMqCE58v4AI3bw:1o3LnG:Bma2Sf_IQ8d9JjlWZkRIBtQMDj1YwuODi9iPFBfPGKI",
      "expire_date": "2022-07-04T18:06:34.520Z"
   }
},
{
   "model": "sessions.session",
   "pk": "6qeyzkh76pnzer6dus0ijoly542tl3l3",
   "fields": {
      "session_data": "e30:1o4I9S:-9BRK9a0-x0yvywPVveTSWxSPt8TgCT4u_zV0oTieqY",
      "expire_date": "2022-07-07T08:25:22.542Z"
   }
},
{
   "model": "sessions.session",
   "pk": "6ueudcwp6of1i0w4ppbbf0e6redqr30i",
   "fields": {
      "session_data": ".eJxVjEEOwiAQRe_C2hDoAGNduvcMZIBBqgaS0q6MdzckXej2v_f-W3jat-L3zqtfkrgIEKffLVB8ch0gPajem4ytbusS5FDkQbu8tcSv6-H-HRTqZdTqjIjZYVSJrZ6zYQxGKUwOMs8BJiIyrE0GBKdTRBucmqKGDMqCE58v4AI3bw:1o5XQG:U8TyNEcx5q5-ioRnIoSUJFhHFF4en0HcthTAyICWyO0",
      "expire_date": "2022-07-10T18:55:52.286Z"
   }
},
{
   "model": "sessions.session",
   "pk": "7qq4p6tpsz6r77mlgqxonkyh0xb1ytj4",
   "fields": {
      "session_data": "e30:1o151E:HdR-EasaRbpWL2aPez8ox1aI0TBEDYGnJLqHT4jjEXU",
      "expire_date": "2022-06-28T11:47:36.666Z"
   }
},
{
   "model": "sessions.session",
   "pk": "8w6v0e71gejushh4qcu1a0ol3juhjxm6",
   "fields": {
      "session_data": "e30:1o4PsH:glfaTMhwKcp_IrWr0996lG7yP5Bt6p9ZAO3CqLgPB-w",
      "expire_date": "2022-07-07T16:40:09.130Z"
   }
},
{
   "model": "sessions.session",
   "pk": "9kjo90qx4wxvau5f02301sxa2g1r5vo2",
   "fields": {
      "session_data": ".eJxVjEEOwiAQRe_C2hDoAGNduvcMZIBBqgaS0q6MdzckXej2v_f-W3jat-L3zqtfkrgIEKffLVB8ch0gPajem4ytbusS5FDkQbu8tcSv6-H-HRTqZdTqjIjZYVSJrZ6zYQxGKUwOMs8BJiIyrE0GBKdTRBucmqKGDMqCE58v4AI3bw:1o4LNb:1MN1XTP38QlcXyXrJcXOdEwMZ_e0c4qm-hngAuqmwbA",
      "expire_date": "2022-07-07T11:52:11.569Z"
   }
},
{
   "model": "sessions.session",
   "pk": "alhc2zqudhphmr8z610v9pxak7appulb",
   "fields": {
      "session_data": "e30:1nzfwu:FFrpi4By3W6-fDBJM8WgZNT321oIyrvvDYXAjguXGgA",
      "expire_date": "2022-06-24T14:49:20.125Z"
   }
},
{
   "model": "sessions.session",
   "pk": "cn96fft0i4cpa3vs5k1f7sd7i80vmr6i",
   "fields": {
      "session_data": "e30:1o4HYo:huRkoBGAq80vj68QcrAstRxPUpp6JdY-TNKHcHBtn88",
      "expire_date": "2022-07-07T07:47:30.605Z"
   }
},
{
   "model": "sessions.session",
   "pk": "czrgj43futnjxm9h0xugzdrtrp72xfzb",
   "fields": {
      "session_data": ".eJxVjDEOwjAMRe-SGUW4cRPMyM4ZKttJaAElUtNOiLtDpQ6w_vfef5mB12Uc1pbmYYrmbMAcfjdhfaSygXjncqtWa1nmSeym2J02e60xPS-7-3cwchu_9akXdF6C6zOiuJw6ghCRFbDLlDsgSeCYvQ_qj-C0lxAJPJGqEKB5fwDTLTd5:1nuGUG:F5OgObrGNxA91frNLzwCHRo0oaLdQH97SEXMsv2m0jc",
      "expire_date": "2022-06-09T16:37:24.442Z"
   }
},
{
   "model": "sessions.session",
   "pk": "d6vuupn9szgbbf4p2onc0iecgntiq2rs",
   "fields": {
      "session_data": "e30:1nzfsj:nBiN7YPqT8Ee_uFVERc8GApYnbjhRjcE0mREDJjnR18",
      "expire_date": "2022-06-24T14:45:01.328Z"
   }
},
{
   "model": "sessions.session",
   "pk": "dr9lfl6tq6p6200gfwsacg2u1rgrao4p",
   "fields": {
      "session_data": "e30:1nzeQ6:gooPHb_Y6gB2VPmB41FZqU_96yFjzluZ60nHVtleuF8",
      "expire_date": "2022-06-24T13:11:22.194Z"
   }
},
{
   "model": "sessions.session",
   "pk": "ebxtwpt7sv7hnic0iwaxcaq7qilfu2yi",
   "fields": {
      "session_data": ".eJxVjDEOwjAMRe-SGUW4cRPMyM4ZKttJaAElUtNOiLtDpQ6w_vfef5mB12Uc1pbmYYrmbMAcfjdhfaSygXjncqtWa1nmSeym2J02e60xPS-7-3cwchu_9akXdF6C6zOiuJw6ghCRFbDLlDsgSeCYvQ_qj-C0lxAJPJGqEKB5fwDTLTd5:1o152Z:6fL0Sn1fw8-eLXR7_2fy52LkFrfVvY7JrLE70Buj61E",
      "expire_date": "2022-06-28T11:48:59.011Z"
   }
},
{
   "model": "sessions.session",
   "pk": "f9p4zhp4y505qwhfhd35jlpk3rc1yoy7",
   "fields": {
      "session_data": ".eJxVjEEOwiAQRe_C2hDoAGNduvcMZIBBqgaS0q6MdzckXej2v_f-W3jat-L3zqtfkrgIEKffLVB8ch0gPajem4ytbusS5FDkQbu8tcSv6-H-HRTqZdTqjIjZYVSJrZ6zYQxGKUwOMs8BJiIyrE0GBKdTRBucmqKGDMqCE58v4AI3bw:1o2ZgV:wDZCz2cIwXafO7YLcmir_G8Hl9D7BMad9VMNaV1EKSI",
      "expire_date": "2022-07-02T14:44:23.293Z"
   }
},
{
   "model": "sessions.session",
   "pk": "g5710jhj6q9muwe3uucss9rtt0q7o8en",
   "fields": {
      "session_data": "e30:1o4HZd:yL9IfWfk58KVjFM3T0Xp2tEmje2Om5iV3oWksf5cfq4",
      "expire_date": "2022-07-07T07:48:21.386Z"
   }
},
{
   "model": "sessions.session",
   "pk": "hif5361nsuw56x79lvjekgnn0b76uz3l",
   "fields": {
      "session_data": "e30:1o4Hzh:IN3nFjxqCQ0MoiFVIO_63FvfPLTQgqCP8vGIHDsIn2A",
      "expire_date": "2022-07-07T08:15:17.651Z"
   }
},
{
   "model": "sessions.session",
   "pk": "ijr099me354soy7vguntan93sauzzgiy",
   "fields": {
      "session_data": ".eJxVjDEOwjAMRe-SGUW4cRPMyM4ZKttJaAElUtNOiLtDpQ6w_vfef5mB12Uc1pbmYYrmbMAcfjdhfaSygXjncqtWa1nmSeym2J02e60xPS-7-3cwchu_9akXdF6C6zOiuJw6ghCRFbDLlDsgSeCYvQ_qj-C0lxAJPJGqEKB5fwDTLTd5:1nziKs:9-AGmSVkIWcV2HjSiFCCNb4V13t3WDATgUaO1PziYSk",
      "expire_date": "2022-06-24T17:22:14.624Z"
   }
},
{
   "model": "sessions.session",
   "pk": "ild3hbj8ncyynwmjg85s7iqka1mzpq9k",
   "fields": {
      "session_data": "e30:1o4I3L:CzfjOOiGeYDvKDYFI6bxm3ef_ipZ8xpc50Qd4m6Ht2w",
      "expire_date": "2022-07-07T08:19:03.150Z"
   }
},
{
   "model": "sessions.session",
   "pk": "jpvfhh4oxib0mozy3ecba8m4zfowix4q",
   "fields": {
      "session_data": ".eJxVjDEOwjAMRe-SGUW4cRPMyM4ZKttJaAElUtNOiLtDpQ6w_vfef5mB12Uc1pbmYYrmbMAcfjdhfaSygXjncqtWa1nmSeym2J02e60xPS-7-3cwchu_9akXdF6C6zOiuJw6ghCRFbDLlDsgSeCYvQ_qj-C0lxAJPJGqEKB5fwDTLTd5:1o0ofX:aeS4CI25NTKZey0naHF7Gd8BiG15iruZHzSAdf8E4VQ",
      "expire_date": "2022-06-27T18:20:07.735Z"
   }
},
{
   "model": "sessions.session",
   "pk": "js1uu9q0tn63gbdc7ht9vyxqf3ms7qg5",
   "fields": {
      "session_data": "e30:1nzfv5:uZOj8OjTx2mlbvhivKyhoU4l80JxBKS6FTnimMsYkOA",
      "expire_date": "2022-06-24T14:47:27.958Z"
   }
},
{
   "model": "sessions.session",
   "pk": "k05q9eis937zsnk1smt96y5zoo1svomi",
   "fields": {
      "session_data": ".eJxVjDEOwjAMRe-SGUW4cRPMyM4ZKttJaAElUtNOiLtDpQ6w_vfef5mB12Uc1pbmYYrmbMAcfjdhfaSygXjncqtWa1nmSeym2J02e60xPS-7-3cwchu_9akXdF6C6zOiuJw6ghCRFbDLlDsgSeCYvQ_qj-C0lxAJPJGqEKB5fwDTLTd5:1nywD5:N6Zd-p-RnYIjgl598j1cCrIO9NCBUcQhMxhQIMYdbP4",
      "expire_date": "2022-06-22T13:58:59.812Z"
   }
},
{
   "model": "sessions.session",
   "pk": "kfom3hhgmx7xykm1rlt3lksrvw1cr5et",
   "fields": {
      "session_data": ".eJxVjEEOwiAQRe_C2hDoAGNduvcMZIBBqgaS0q6MdzckXej2v_f-W3jat-L3zqtfkrgIEKffLVB8ch0gPajem4ytbusS5FDkQbu8tcSv6-H-HRTqZdTqjIjZYVSJrZ6zYQxGKUwOMs8BJiIyrE0GBKdTRBucmqKGDMqCE58v4AI3bw:1o3x6B:WPDKsZaHkaER4KnFiAXRB37Rb3_YOKskWBwVFvMnT8g",
      "expire_date": "2022-07-06T09:56:35.461Z"
   }
},
{
   "model": "sessions.session",
   "pk": "mu2j4ubpo8zrxmx3x7jp9zrj3tpx36wv",
   "fields": {
      "session_data": ".eJxVjEEOwiAQRe_C2hDoAGNduvcMZIBBqgaS0q6MdzckXej2v_f-W3jat-L3zqtfkrgIEKffLVB8ch0gPajem4ytbusS5FDkQbu8tcSv6-H-HRTqZdTqjIjZYVSJrZ6zYQxGKUwOMs8BJiIyrE0GBKdTRBucmqKGDMqCE58v4AI3bw:1o2bNv:uOXfSJh65XfXAY9Xe1nmMEjbOVYi-lQDMavDwcKOK1s",
      "expire_date": "2022-07-02T16:33:19.591Z"
   }
},
{
   "model": "sessions.session",
   "pk": "n01gt16qxtrbmfv1pvwdryopxnd09x3j",
   "fields": {
      "session_data": "e30:1o15lr:IRQ2R3uj7S8B216Ir7wmuePD0HfJUXHzH1KuhplHYKQ",
      "expire_date": "2022-06-28T12:35:47.358Z"
   }
},
{
   "model": "sessions.session",
   "pk": "oteqelc57ks5j6sfztzbatg2uupmj9yi",
   "fields": {
      "session_data": "e30:1nzfv7:XxydGQpeOy3B6L-fUBtYvLitttSWlWS2hut9op8Y4ro",
      "expire_date": "2022-06-24T14:47:29.058Z"
   }
},
{
   "model": "sessions.session",
   "pk": "p41nc3vhko1gmt657sap967uacre5aoc",
   "fields": {
      "session_data": "e30:1o4I8E:Lklt-9WKbw9NahKBY54HUI_RYfTBhsyPaEIJDb29Bss",
      "expire_date": "2022-07-07T08:24:06.400Z"
   }
},
{
   "model": "sessions.session",
   "pk": "q2o8xh1buhog98524dq4jvokhm1rny4i",
   "fields": {
      "session_data": ".eJxVjDEOwjAMRe-SGUW4cRPMyM4ZKttJaAElUtNOiLtDpQ6w_vfef5mB12Uc1pbmYYrmbMAcfjdhfaSygXjncqtWa1nmSeym2J02e60xPS-7-3cwchu_9akXdF6C6zOiuJw6ghCRFbDLlDsgSeCYvQ_qj-C0lxAJPJGqEKB5fwDTLTd5:1ngWmd:R3pwOlg-hBIKRoLgVznaRruG9cKAQJSspdyJuZIiolY",
      "expire_date": "2022-05-02T19:11:35.300Z"
   }
},
{
   "model": "sessions.session",
   "pk": "r1gh07vnil393nijx2mpe3x5oah6kxg2",
   "fields": {
      "session_data": "e30:1nzfto:UFov1h_k7AZG1HpWTtCR1zraWMXKDs3ucpA1elVpyQE",
      "expire_date": "2022-06-24T14:46:08.495Z"
   }
},
{
   "model": "sessions.session",
   "pk": "rpf7yr17oxp8ooq80kl0refeqernj2o0",
   "fields": {
      "session_data": ".eJxVjEEOwiAQRe_C2hDoAGNduvcMZIBBqgaS0q6MdzckXej2v_f-W3jat-L3zqtfkrgIEKffLVB8ch0gPajem4ytbusS5FDkQbu8tcSv6-H-HRTqZdTqjIjZYVSJrZ6zYQxGKUwOMs8BJiIyrE0GBKdTRBucmqKGDMqCE58v4AI3bw:1o3a5u:8o_J4ChowSE5hkSDdyj3Mgb_V1XZ9D78yi0FUGOI5ow",
      "expire_date": "2022-07-05T09:22:46.302Z"
   }
},
{
   "model": "sessions.session",
   "pk": "rwu6ebsoyflmw7uuxf3wdg49fj8sn7fj",
   "fields": {
      "session_data": "e30:1nzfsw:LFPnViIkOW-xrVhkToU-CFpeuz8yjoJXTGx02Td2tDI",
      "expire_date": "2022-06-24T14:45:14.691Z"
   }
},
{
   "model": "sessions.session",
   "pk": "sgcs6vv2x3nv7ia1ar0s6z8rhfhxk4oy",
   "fields": {
      "session_data": ".eJxVjDEOwjAMRe-SGUW4cRPMyM4ZKttJaAElUtNOiLtDpQ6w_vfef5mB12Uc1pbmYYrmbMAcfjdhfaSygXjncqtWa1nmSeym2J02e60xPS-7-3cwchu_9akXdF6C6zOiuJw6ghCRFbDLlDsgSeCYvQ_qj-C0lxAJPJGqEKB5fwDTLTd5:1o0fAx:VslIaLc5H_-4iaLD-PVw7N1NX25F7qywTteqxCgE8jY",
      "expire_date": "2022-06-27T08:11:55.553Z"
   }
},
{
   "model": "sessions.session",
   "pk": "sqtn58u7ql8pacn8hjw78jdpoy799viy",
   "fields": {
      "session_data": "e30:1o4I4Q:sDGBXdu4IFdj_ED4hIsM3Dy4xDK7vGE-1LuiqeyZXUg",
      "expire_date": "2022-07-07T08:20:10.813Z"
   }
},
{
   "model": "sessions.session",
   "pk": "vzgclum2guqq8t4dmu6ndmdtz9ao6hww",
   "fields": {
      "session_data": ".eJxVjDEOwjAMRe-SGUW4cRPMyM4ZKttJaAElUtNOiLtDpQ6w_vfef5mB12Uc1pbmYYrmbMAcfjdhfaSygXjncqtWa1nmSeym2J02e60xPS-7-3cwchu_9akXdF6C6zOiuJw6ghCRFbDLlDsgSeCYvQ_qj-C0lxAJPJGqEKB5fwDTLTd5:1o0lUz:FxTaf1cnPP3JzW52pXJwtPtXMcnnAGDV5Tn6G2ZjBZ0",
      "expire_date": "2022-06-27T14:57:01.548Z"
   }
},
{
   "model": "sessions.session",
   "pk": "wxe1p2xvtelhugnbtj1o0i9lfy7g2q01",
   "fields": {
      "session_data": ".eJxVjEEOwiAQRe_C2hDoAGNduvcMZIBBqgaS0q6MdzckXej2v_f-W3jat-L3zqtfkrgIEKffLVB8ch0gPajem4ytbusS5FDkQbu8tcSv6-H-HRTqZdTqjIjZYVSJrZ6zYQxGKUwOMs8BJiIyrE0GBKdTRBucmqKGDMqCE58v4AI3bw:1o4P2s:-LNUjvhzuDs-jTBg4spfwzaxDkFrV1aZHmqaL6RXj0k",
      "expire_date": "2022-07-07T15:47:02.195Z"
   }
},
{
   "model": "sessions.session",
   "pk": "x8ak7lup1df0jp11cek00hrhm75m4ykz",
   "fields": {
      "session_data": ".eJxVjDEOwjAMRe-SGUW4cRPMyM4ZKttJaAElUtNOiLtDpQ6w_vfef5mB12Uc1pbmYYrmbMAcfjdhfaSygXjncqtWa1nmSeym2J02e60xPS-7-3cwchu_9akXdF6C6zOiuJw6ghCRFbDLlDsgSeCYvQ_qj-C0lxAJPJGqEKB5fwDTLTd5:1o0lyF:V26R-ISWNO7WbJcp1nUUNIdI3uv7-y4L1zAtNSvm-4E",
      "expire_date": "2022-06-27T15:27:15.207Z"
   }
},
{
   "model": "sessions.session",
   "pk": "xbfect3n6q6oj4svxz88v4es80eli3a7",
   "fields": {
      "session_data": "e30:1nzfiS:xe-t_3gE9KwVTvJVUu_4wPMIRuWJJigr5u8wr-m8lVE",
      "expire_date": "2022-06-24T14:34:24.444Z"
   }
},
{
   "model": "sessions.session",
   "pk": "xg3vkbrrkl39sg94j5x6hz5d670s8poo",
   "fields": {
      "session_data": "e30:1nzfvJ:7_ND4RT4m31zixHsADsqO9ejoRNSCaX7EAs72dH4LwE",
      "expire_date": "2022-06-24T14:47:41.178Z"
   }
},
{
   "model": "sessions.session",
   "pk": "yxngyistf4rdidif1ob4uctecp7vmez3",
   "fields": {
      "session_data": "e30:1o0gKa:0VNqHlzqpznqg2O9ppfKz7Ny2ZzweO13520fxlZ--rU",
      "expire_date": "2022-06-27T09:25:56.453Z"
   }
},
{
   "model": "sessions.session",
   "pk": "z0s8hcuyks6ni23kvwjylhfnx7rwua2i",
   "fields": {
      "session_data": ".eJxVjEEOwiAQRe_C2hDoAGNduvcMZIBBqgaS0q6MdzckXej2v_f-W3jat-L3zqtfkrgIEKffLVB8ch0gPajem4ytbusS5FDkQbu8tcSv6-H-HRTqZdTqjIjZYVSJrZ6zYQxGKUwOMs8BJiIyrE0GBKdTRBucmqKGDMqCE58v4AI3bw:1o3Yba:SGt1jW3_VsF8wIyK4Uh4MMlZaA5Rr_Ld_PkiTqD0Gos",
      "expire_date": "2022-07-05T07:47:22.751Z"
   }
},
{
   "model": "sessions.session",
   "pk": "zeh36u4aljmpr3ld15hidwq64m0l8n1z",
   "fields": {
      "session_data": "e30:1o3KWz:wQZdpCx2cPxOHPw7cliymHwIYvPz5tTuET098-uf2qs",
      "expire_date": "2022-07-04T16:45:41.153Z"
   }
},
{
   "model": "sessions.session",
   "pk": "zsmdbew6443lacepfnpox3m5azu13ftj",
   "fields": {
      "session_data": ".eJxVjEEOwiAQRe_C2hDoAGNduvcMZIBBqgaS0q6MdzckXej2v_f-W3jat-L3zqtfkrgIEKffLVB8ch0gPajem4ytbusS5FDkQbu8tcSv6-H-HRTqZdTqjIjZYVSJrZ6zYQxGKUwOMs8BJiIyrE0GBKdTRBucmqKGDMqCE58v4AI3bw:1o3ugw:PCwec7l6seoAfUkxT5i8oH79peKczKic25o0pgSMqS0",
      "expire_date": "2022-07-06T07:22:22.085Z"
   }
},
{
   "model": "main.slider",
   "pk": 2,
   "fields": {
      "name": "Общий вид",
      "slider": "slider/slider1.jpg",
      "is_show": true
   }
},
{
   "model": "main.slider",
   "pk": 3,
   "fields": {
      "name": "Рамки",
      "slider": "slider/slider2.jpg",
      "is_show": true
   }
},
{
   "model": "main.slider",
   "pk": 4,
   "fields": {
      "name": "Оформление работ",
      "slider": "slider/slider3.jpg",
      "is_show": true
   }
},
{
   "model": "products.type",
   "pk": 3,
   "fields": {
      "type": "Вышивка"
   }
},
{
   "model": "products.type",
   "pk": 4,
   "fields": {
      "type": "Другие наборы"
   }
},
{
   "model": "products.type",
   "pk": 5,
   "fields": {
      "type": "Бисер китайский"
   }
},
{
   "model": "products.category",
   "pk": 2,
   "fields": {
      "category": "Вышивка крестом"
   }
},
{
   "model": "products.category",
   "pk": 3,
   "fields": {
      "category": "Вышивка бисером"
   }
},
{
   "model": "products.category",
   "pk": 4,
   "fields": {
      "category": "Алмазная мозаика"
   }
},
{
   "model": "products.category",
   "pk": 5,
   "fields": {
      "category": "Серия р 11"
   }
},
{
   "model": "products.textile",
   "pk": 3,
   "fields": {
      "textile": "Канва для вышивания AIDA №14"
   }
},
{
   "model": "products.textile",
   "pk": 4,
   "fields": {
      "textile": "Канва для вышивания AIDA №18"
   }
},
{
   "model": "products.textile",
   "pk": 6,
   "fields": {
      "textile": "Атлас"
   }
},
{
   "model": "products.textile",
   "pk": 7,
   "fields": {
      "textile": "Полотно"
   }
},
{
   "model": "products.country",
   "pk": 4,
   "fields": {
      "country": "Китай"
   }
},
{
   "model": "products.country",
   "pk": 5,
   "fields": {
      "country": "Молдова"
   }
},
{
   "model": "products.country",
   "pk": 6,
   "fields": {
      "country": "Украина"
   }
},
{
   "model": "products.product",
   "pk": 1,
   "fields": {
      "name": "13720 Набор для вышивки крестом «Срезанные розы» DIMENSIONS",
      "type": 3,
      "category": 2,
      "textile": 3,
      "color": null,
      "country": 4,
      "thread": "Мулине",
      "material": null,
      "length": null,
      "themes": "Цветы",
      "technique": null,
      "stitching": "Частичная",
      "dimension": "36х23см",
      "purpose": null,
      "equipment": "Схема •Игла •Инструкция",
      "num_color": 29,
      "num_bead": null,
      "description": "Вышивая или созерцая эту картину вы наверняка сможете ощутить запах сладкого дурманящего аромата только что срезанных роз. Классический дизайн, вышитый с применением техники полукрест для лучшей игры теней и большего художественно эффекта.",
      "discount": 5,
      "price": "585.00",
      "is_active": true,
      "is_new": true,
      "created": "2022-04-21T13:23:08.455Z",
      "updated": "2022-06-10T09:39:43.977Z"
   }
},
{
   "model": "products.product",
   "pk": 2,
   "fields": {
      "name": "Набор для вышивания крестом B2229 Красные розы с виноградом, Лука-С",
      "type": 3,
      "category": 2,
      "textile": 4,
      "color": null,
      "country": 5,
      "thread": "Мулине",
      "material": null,
      "length": null,
      "themes": "Природа",
      "technique": null,
      "stitching": "Частичная",
      "dimension": "20х33см",
      "purpose": null,
      "equipment": "схема черно-белая символьная, игла, инструкция",
      "num_color": 29,
      "num_bead": null,
      "description": "Красивый сочный натюрморт с бордовыми розами и зеленым виноградом украсит вашу гостинную или загородний дом",
      "discount": 10,
      "price": "390.00",
      "is_active": true,
      "is_new": true,
      "created": "2022-04-21T13:36:33.712Z",
      "updated": "2022-06-10T09:39:54.616Z"
   }
},
{
   "model": "products.product",
   "pk": 3,
   "fields": {
      "name": "Набор для вышивки бисером Butterfly Натюрморт с гранатами (161)",
      "type": 3,
      "category": 3,
      "textile": 6,
      "color": null,
      "country": 6,
      "thread": null,
      "material": null,
      "length": null,
      "themes": "Фрукты, ягоды",
      "technique": "Круговая",
      "stitching": "Полная",
      "dimension": "35х27см",
      "purpose": null,
      "equipment": "Схема •Бисер•Игла •Инструкция•Ткань с нанесённым полноцветным рисунком",
      "num_color": 20,
      "num_bead": null,
      "description": "",
      "discount": 10,
      "price": "964.00",
      "is_active": true,
      "is_new": true,
      "created": "2022-04-25T11:38:37.029Z",
      "updated": "2022-06-13T08:12:37.827Z"
   }
},
{
   "model": "products.product",
   "pk": 4,
   "fields": {
      "name": "31742 У пруда. Dream Art. Набор алмазной мозаики",
      "type": 4,
      "category": 4,
      "textile": 7,
      "color": null,
      "country": 6,
      "thread": null,
      "material": null,
      "length": null,
      "themes": "Пейзажи природы, село",
      "technique": null,
      "stitching": "Полная",
      "dimension": "38х45см",
      "purpose": null,
      "equipment": null,
      "num_color": 34,
      "num_bead": null,
      "description": "В набор входит: холст с нанесенной символьной схемой и клеевой основой для выкладывания камней. Символьная схема сверху покрыта пленкой. Предоставляется ключ к схеме и подробная инструкция, пинцет, карандаш с силиконовой подушечкой, акриловые квадратные сверху граненые камни, расфасованные в пакетики. В набор также входит небольшая тарелочка для удобства работы с камнями. Набор упакован в плотную картонную коробку, которая надежно защищает комплектующие от повреждения и имеет презентабельный вид",
      "discount": 0,
      "price": "999.00",
      "is_active": true,
      "is_new": true,
      "created": "2022-04-25T11:52:37.736Z",
      "updated": "2022-06-10T09:40:19.071Z"
   }
},
{
   "model": "products.product",
   "pk": 5,
   "fields": {
      "name": "Бисер 13 11/400гр",
      "type": 5,
      "category": 5,
      "textile": null,
      "color": null,
      "country": 4,
      "thread": null,
      "material": null,
      "length": null,
      "themes": null,
      "technique": null,
      "stitching": null,
      "dimension": "Длина 4 мм, размер 11",
      "purpose": null,
      "equipment": null,
      "num_color": null,
      "num_bead": null,
      "description": "Бисер представлен в широком выборе бусин, различных форм, размеров и цветовых решений.  Такими бусинками вышивают, плетут аксессуары, изготавливают мозаику, картины, и даже создают иллюстрации на коже. Используемые художественные приемы полностью зависят от дизайна и метода исполнения. Бисер широко применяется при декорировании отдельных элементов в интерьере, например подушек, одеял, абажуров, гардин. С их помощью зонируют пространство, путем создания удивительных легких штор. Цвета  и дизайн бисеринок в ассортименте.",
      "discount": 0,
      "price": "135.06",
      "is_active": true,
      "is_new": true,
      "created": "2022-06-08T09:50:25.813Z",
      "updated": "2022-06-26T16:40:31.643Z"
   }
},
{
   "model": "products.productimage",
   "pk": 13,
   "fields": {
      "product": 1,
      "picture": "products_images/product1_1.jpg",
      "picture_small": "products_images_small/product1_1s.jpg",
      "is_main": true,
      "created": "2022-06-09T14:31:35.784Z",
      "updated": "2022-06-09T16:11:28.110Z"
   }
},
{
   "model": "products.productimage",
   "pk": 14,
   "fields": {
      "product": 1,
      "picture": "products_images/product1_2.jpg",
      "picture_small": "products_images_small/product1_2s.jpg",
      "is_main": false,
      "created": "2022-06-09T14:31:35.787Z",
      "updated": "2022-06-09T16:11:28.113Z"
   }
},
{
   "model": "products.productimage",
   "pk": 15,
   "fields": {
      "product": 1,
      "picture": "products_images/product1_3.jpg",
      "picture_small": "products_images_small/product1_3s.jpg",
      "is_main": false,
      "created": "2022-06-09T14:31:35.790Z",
      "updated": "2022-06-09T16:11:28.115Z"
   }
},
{
   "model": "products.productimage",
   "pk": 16,
   "fields": {
      "product": 2,
      "picture": "products_images/product2_1.jpg",
      "picture_small": "products_images_small/product2_1s.jpg",
      "is_main": true,
      "created": "2022-06-09T14:32:30.385Z",
      "updated": "2022-06-09T16:10:56.087Z"
   }
},
{
   "model": "products.productimage",
   "pk": 17,
   "fields": {
      "product": 2,
      "picture": "products_images/product2_2.jpg",
      "picture_small": "products_images_small/product2_2s.jpg",
      "is_main": false,
      "created": "2022-06-09T14:32:30.387Z",
      "updated": "2022-06-09T16:10:56.089Z"
   }
},
{
   "model": "products.productimage",
   "pk": 18,
   "fields": {
      "product": 3,
      "picture": "products_images/product3_1.jpg",
      "picture_small": "products_images_small/product3_1s.jpg",
      "is_main": true,
      "created": "2022-06-09T14:33:04.193Z",
      "updated": "2022-06-09T16:10:33.813Z"
   }
},
{
   "model": "products.productimage",
   "pk": 19,
   "fields": {
      "product": 4,
      "picture": "products_images/product4_1.jpg",
      "picture_small": "products_images_small/product4_1s.jpg",
      "is_main": true,
      "created": "2022-06-09T14:34:01.325Z",
      "updated": "2022-06-09T16:10:11.209Z"
   }
},
{
   "model": "products.productimage",
   "pk": 20,
   "fields": {
      "product": 5,
      "picture": "products_images/product5_1.jpg",
      "picture_small": "products_images_small/product5_1s.jpg",
      "is_main": true,
      "created": "2022-06-09T14:34:21.656Z",
      "updated": "2022-06-09T16:09:57.786Z"
   }
},
{
   "model": "orders.status",
   "pk": 1,
   "fields": {
      "name": "Корзина"
   }
},
{
   "model": "orders.status",
   "pk": 2,
   "fields": {
      "name": "Подтверждение"
   }
},
{
   "model": "orders.status",
   "pk": 3,
   "fields": {
      "name": "Доставка"
   }
},
{
   "model": "orders.status",
   "pk": 4,
   "fields": {
      "name": "Выполнено"
   }
},
{
   "model": "orders.order",
   "pk": 8,
   "fields": {
      "customer": 3,
      "status": 1,
      "address": "",
      "total_price": "2773.35",
      "product_price": "2938.00",
      "comment": null,
      "cupon": "",
      "created": "2022-06-23T08:42:19.200Z",
      "updated": "2022-06-26T16:34:44.856Z"
   }
},
{
   "model": "orders.order",
   "pk": 9,
   "fields": {
      "customer": 2,
      "status": 1,
      "address": "",
      "total_price": "867.60",
      "product_price": "964.00",
      "comment": null,
      "cupon": "",
      "created": "2022-06-23T11:56:04.645Z",
      "updated": "2022-06-23T16:44:42.088Z"
   }
},
{
   "model": "orders.order",
   "pk": 15,
   "fields": {
      "customer": 17,
      "status": 1,
      "address": "",
      "total_price": "0.00",
      "product_price": "0.00",
      "comment": null,
      "cupon": "",
      "created": "2022-06-23T16:04:07.417Z",
      "updated": "2022-06-23T16:04:07.417Z"
   }
},
{
   "model": "orders.productinorder",
   "pk": 16,
   "fields": {
      "order": 8,
      "product": 1,
      "img": "/media/products_images_small/product1_1s.jpg",
      "nmb": 1,
      "product_price": "585.00",
      "price_per_item": "555.75",
      "total_price": "555.75",
      "review": null,
      "is_active": true,
      "session_key": "klsnisdp9q4rifxtk1kpn22gh2tbhs6v",
      "created": "2022-06-23T09:39:08.741Z",
      "updated": "2022-06-26T16:34:44.772Z"
   }
},
{
   "model": "orders.productinorder",
   "pk": 17,
   "fields": {
      "order": 8,
      "product": 2,
      "img": "/media/products_images_small/product2_1s.jpg",
      "nmb": 1,
      "product_price": "390.00",
      "price_per_item": "351.00",
      "total_price": "351.00",
      "review": "",
      "is_active": true,
      "session_key": "klsnisdp9q4rifxtk1kpn22gh2tbhs6v",
      "created": "2022-06-23T09:39:10.595Z",
      "updated": "2022-06-26T16:34:44.795Z"
   }
},
{
   "model": "orders.productinorder",
   "pk": 18,
   "fields": {
      "order": 8,
      "product": 3,
      "img": "/media/products_images_small/product3_1s.jpg",
      "nmb": 1,
      "product_price": "964.00",
      "price_per_item": "867.60",
      "total_price": "867.60",
      "review": null,
      "is_active": true,
      "session_key": "klsnisdp9q4rifxtk1kpn22gh2tbhs6v",
      "created": "2022-06-23T09:39:12.024Z",
      "updated": "2022-06-26T16:34:44.825Z"
   }
},
{
   "model": "orders.productinorder",
   "pk": 19,
   "fields": {
      "order": 8,
      "product": 4,
      "img": "/media/products_images_small/product4_1s.jpg",
      "nmb": 1,
      "product_price": "999.00",
      "price_per_item": "999.00",
      "total_price": "999.00",
      "review": null,
      "is_active": true,
      "session_key": "x666fcv9nl7wwi7crevkf6a6fo8bsrj1",
      "created": "2022-06-23T12:13:06.537Z",
      "updated": "2022-06-26T16:34:44.845Z"
   }
},
{
   "model": "orders.productinorder",
   "pk": 22,
   "fields": {
      "order": 9,
      "product": 3,
      "img": "/media/products_images_small/product3_1s.jpg",
      "nmb": 1,
      "product_price": "964.00",
      "price_per_item": "867.60",
      "total_price": "867.60",
      "review": null,
      "is_active": true,
      "session_key": "l1k5c867wdlx2xyeqd7fb7lrxj0duj9y",
      "created": "2022-06-23T12:18:19.994Z",
      "updated": "2022-06-23T16:44:42.080Z"
   }
}
]
